-- MySQL dump 10.13  Distrib 5.7.29, for Linux (x86_64)
--
-- Host: localhost    Database: uts_pbkk
-- ------------------------------------------------------
-- Server version	5.7.29-0ubuntu0.18.04.1

/*!40101 SET @OLD_CHARACTER_SET_CLIENT=@@CHARACTER_SET_CLIENT */;
/*!40101 SET @OLD_CHARACTER_SET_RESULTS=@@CHARACTER_SET_RESULTS */;
/*!40101 SET @OLD_COLLATION_CONNECTION=@@COLLATION_CONNECTION */;
/*!40101 SET NAMES utf8 */;
/*!40103 SET @OLD_TIME_ZONE=@@TIME_ZONE */;
/*!40103 SET TIME_ZONE='+00:00' */;
/*!40014 SET @OLD_UNIQUE_CHECKS=@@UNIQUE_CHECKS, UNIQUE_CHECKS=0 */;
/*!40014 SET @OLD_FOREIGN_KEY_CHECKS=@@FOREIGN_KEY_CHECKS, FOREIGN_KEY_CHECKS=0 */;
/*!40101 SET @OLD_SQL_MODE=@@SQL_MODE, SQL_MODE='NO_AUTO_VALUE_ON_ZERO' */;
/*!40111 SET @OLD_SQL_NOTES=@@SQL_NOTES, SQL_NOTES=0 */;

--
-- Table structure for table `category`
--

DROP TABLE IF EXISTS `category`;
/*!40101 SET @saved_cs_client     = @@character_set_client */;
/*!40101 SET character_set_client = utf8 */;
CREATE TABLE `category` (
  `id` varchar(11) COLLATE utf8_unicode_ci NOT NULL,
  `category_name` varchar(255) COLLATE utf8_unicode_ci NOT NULL,
  `category_desc` text COLLATE utf8_unicode_ci NOT NULL,
  `date` timestamp NULL DEFAULT NULL,
  PRIMARY KEY (`id`),
  UNIQUE KEY `id` (`id`)
) ENGINE=InnoDB DEFAULT CHARSET=utf8 COLLATE=utf8_unicode_ci;
/*!40101 SET character_set_client = @saved_cs_client */;

--
-- Dumping data for table `category`
--

LOCK TABLES `category` WRITE;
/*!40000 ALTER TABLE `category` DISABLE KEYS */;
INSERT INTO `category` VALUES ('MKN','Makanan','Makanan','2020-03-29 16:49:50'),('MNM','Minuman','Minuman','2020-03-29 16:50:44');
/*!40000 ALTER TABLE `category` ENABLE KEYS */;
UNLOCK TABLES;

--
-- Table structure for table `customer`
--

DROP TABLE IF EXISTS `customer`;
/*!40101 SET @saved_cs_client     = @@character_set_client */;
/*!40101 SET character_set_client = utf8 */;
CREATE TABLE `customer` (
  `id` varchar(11) COLLATE utf8_unicode_ci NOT NULL,
  `customer_name` varchar(255) COLLATE utf8_unicode_ci NOT NULL,
  `customer_phone` varchar(255) COLLATE utf8_unicode_ci NOT NULL,
  `customer_address` text COLLATE utf8_unicode_ci NOT NULL,
  `date` timestamp NULL DEFAULT NULL,
  PRIMARY KEY (`id`),
  UNIQUE KEY `id` (`id`)
) ENGINE=InnoDB DEFAULT CHARSET=utf8 COLLATE=utf8_unicode_ci;
/*!40101 SET character_set_client = @saved_cs_client */;

--
-- Dumping data for table `customer`
--

LOCK TABLES `customer` WRITE;
/*!40000 ALTER TABLE `customer` DISABLE KEYS */;
INSERT INTO `customer` VALUES ('CUST0001','Affan','082131103570','Jalan Gebang Lor no. 52','2020-03-29 16:48:55');
/*!40000 ALTER TABLE `customer` ENABLE KEYS */;
UNLOCK TABLES;

--
-- Table structure for table `product`
--

DROP TABLE IF EXISTS `product`;
/*!40101 SET @saved_cs_client     = @@character_set_client */;
/*!40101 SET character_set_client = utf8 */;
CREATE TABLE `product` (
  `id` varchar(11) COLLATE utf8_unicode_ci NOT NULL,
  `product_name` varchar(255) COLLATE utf8_unicode_ci NOT NULL,
  `category_id` varchar(255) COLLATE utf8_unicode_ci NOT NULL,
  `product_desc` text COLLATE utf8_unicode_ci NOT NULL,
  `product_qty` int(11) NOT NULL DEFAULT '0',
  `sale_price` int(20) NOT NULL,
  `date` timestamp NULL DEFAULT CURRENT_TIMESTAMP,
  PRIMARY KEY (`id`),
  UNIQUE KEY `id` (`id`),
  KEY `id_2` (`id`)
) ENGINE=InnoDB DEFAULT CHARSET=utf8 COLLATE=utf8_unicode_ci;
/*!40101 SET character_set_client = @saved_cs_client */;

--
-- Dumping data for table `product`
--

LOCK TABLES `product` WRITE;
/*!40000 ALTER TABLE `product` DISABLE KEYS */;
INSERT INTO `product` VALUES ('1','Chitato Sapi Panggang 80gr','MKN','Chitato Sapi Panggang',32,8000,'2020-03-29 17:00:31'),('10','Cleo 1500ml','MNM','Air Mineral Cleo 1500ml',37,4000,'2020-03-29 17:02:30'),('11','Club 1500ml','MNM','Air Mineral Club 1500ml',40,4000,'2020-03-29 17:03:22'),('2','Chitato Sapi Panggang 50gr','MKN','Chitato Sapi Panggang 50gr',45,5000,'2020-03-29 17:01:57');
/*!40000 ALTER TABLE `product` ENABLE KEYS */;
UNLOCK TABLES;

--
-- Table structure for table `purchase_data`
--

DROP TABLE IF EXISTS `purchase_data`;
/*!40101 SET @saved_cs_client     = @@character_set_client */;
/*!40101 SET character_set_client = utf8 */;
CREATE TABLE `purchase_data` (
  `id` int(11) NOT NULL AUTO_INCREMENT,
  `transaction_id` varchar(255) COLLATE utf8_unicode_ci NOT NULL,
  `product_id` varchar(255) COLLATE utf8_unicode_ci NOT NULL,
  `category_id` varchar(255) COLLATE utf8_unicode_ci NOT NULL,
  `quantity` varchar(255) COLLATE utf8_unicode_ci NOT NULL,
  `price_item` varchar(255) COLLATE utf8_unicode_ci NOT NULL,
  `subtotal` varchar(255) COLLATE utf8_unicode_ci NOT NULL,
  `type` tinyint(4) NOT NULL DEFAULT '1' COMMENT '1=Purchase Transaction, 0=Purchase Retur',
  `date` timestamp NOT NULL DEFAULT CURRENT_TIMESTAMP ON UPDATE CURRENT_TIMESTAMP,
  PRIMARY KEY (`id`)
) ENGINE=InnoDB AUTO_INCREMENT=4 DEFAULT CHARSET=utf8 COLLATE=utf8_unicode_ci;
/*!40101 SET character_set_client = @saved_cs_client */;

--
-- Dumping data for table `purchase_data`
--

LOCK TABLES `purchase_data` WRITE;
/*!40000 ALTER TABLE `purchase_data` DISABLE KEYS */;
INSERT INTO `purchase_data` VALUES (1,'1','1','MKN','10','8000','80000',1,'2020-03-29 17:19:02'),(2,'2','10','MNM','15','3500','52500',1,'2020-03-29 17:23:32'),(3,'2','2','MKN','20','4600','92000',1,'2020-03-29 17:23:32');
/*!40000 ALTER TABLE `purchase_data` ENABLE KEYS */;
UNLOCK TABLES;

--
-- Table structure for table `purchase_transaction`
--

DROP TABLE IF EXISTS `purchase_transaction`;
/*!40101 SET @saved_cs_client     = @@character_set_client */;
/*!40101 SET character_set_client = utf8 */;
CREATE TABLE `purchase_transaction` (
  `id` varchar(255) COLLATE utf8_unicode_ci NOT NULL,
  `total_price` int(20) NOT NULL,
  `total_item` int(11) NOT NULL,
  `date` timestamp NOT NULL DEFAULT CURRENT_TIMESTAMP ON UPDATE CURRENT_TIMESTAMP,
  `supplier_id` varchar(255) COLLATE utf8_unicode_ci NOT NULL,
  PRIMARY KEY (`id`),
  UNIQUE KEY `id` (`id`),
  KEY `id_2` (`id`)
) ENGINE=InnoDB DEFAULT CHARSET=utf8 COLLATE=utf8_unicode_ci;
/*!40101 SET character_set_client = @saved_cs_client */;

--
-- Dumping data for table `purchase_transaction`
--

LOCK TABLES `purchase_transaction` WRITE;
/*!40000 ALTER TABLE `purchase_transaction` DISABLE KEYS */;
INSERT INTO `purchase_transaction` VALUES ('1',80000,10,'2020-03-29 17:19:02','SUP001'),('2',144500,35,'2020-03-29 17:23:32','SUP001');
/*!40000 ALTER TABLE `purchase_transaction` ENABLE KEYS */;
UNLOCK TABLES;

--
-- Table structure for table `sales_data`
--

DROP TABLE IF EXISTS `sales_data`;
/*!40101 SET @saved_cs_client     = @@character_set_client */;
/*!40101 SET character_set_client = utf8 */;
CREATE TABLE `sales_data` (
  `id` int(11) NOT NULL AUTO_INCREMENT,
  `sales_id` varchar(255) COLLATE utf8_unicode_ci NOT NULL,
  `product_id` varchar(255) COLLATE utf8_unicode_ci NOT NULL,
  `category_id` varchar(255) COLLATE utf8_unicode_ci NOT NULL,
  `quantity` varchar(255) COLLATE utf8_unicode_ci NOT NULL,
  `price_item` varchar(255) COLLATE utf8_unicode_ci NOT NULL,
  `subtotal` varchar(255) COLLATE utf8_unicode_ci NOT NULL,
  `type` tinyint(1) NOT NULL DEFAULT '1' COMMENT '1=Sales Transaction, 0=Sales Retur',
  `date` timestamp NOT NULL DEFAULT CURRENT_TIMESTAMP ON UPDATE CURRENT_TIMESTAMP,
  PRIMARY KEY (`id`)
) ENGINE=InnoDB AUTO_INCREMENT=3 DEFAULT CHARSET=utf8 COLLATE=utf8_unicode_ci;
/*!40101 SET character_set_client = @saved_cs_client */;

--
-- Dumping data for table `sales_data`
--

LOCK TABLES `sales_data` WRITE;
/*!40000 ALTER TABLE `sales_data` DISABLE KEYS */;
INSERT INTO `sales_data` VALUES (1,'OUT1585501801','1','MKN','3','8000','24000',1,'2020-03-29 17:10:25'),(2,'OUT1585501801','10','MNM','3','4000','12000',1,'2020-03-29 17:10:25');
/*!40000 ALTER TABLE `sales_data` ENABLE KEYS */;
UNLOCK TABLES;

--
-- Table structure for table `sales_transaction`
--

DROP TABLE IF EXISTS `sales_transaction`;
/*!40101 SET @saved_cs_client     = @@character_set_client */;
/*!40101 SET character_set_client = utf8 */;
CREATE TABLE `sales_transaction` (
  `id` varchar(255) COLLATE utf8_unicode_ci NOT NULL,
  `customer_id` varchar(255) COLLATE utf8_unicode_ci NOT NULL,
  `is_cash` tinyint(1) NOT NULL,
  `total_price` int(100) NOT NULL,
  `total_item` int(100) NOT NULL,
  `pay_deadline_date` date DEFAULT NULL,
  `date` timestamp NOT NULL DEFAULT CURRENT_TIMESTAMP ON UPDATE CURRENT_TIMESTAMP,
  PRIMARY KEY (`id`),
  UNIQUE KEY `id` (`id`)
) ENGINE=InnoDB DEFAULT CHARSET=utf8 COLLATE=utf8_unicode_ci;
/*!40101 SET character_set_client = @saved_cs_client */;

--
-- Dumping data for table `sales_transaction`
--

LOCK TABLES `sales_transaction` WRITE;
/*!40000 ALTER TABLE `sales_transaction` DISABLE KEYS */;
INSERT INTO `sales_transaction` VALUES ('OUT1585501801','CUST0001',1,36000,6,'2020-03-30','2020-03-29 17:10:25');
/*!40000 ALTER TABLE `sales_transaction` ENABLE KEYS */;
UNLOCK TABLES;

--
-- Table structure for table `supplier`
--

DROP TABLE IF EXISTS `supplier`;
/*!40101 SET @saved_cs_client     = @@character_set_client */;
/*!40101 SET character_set_client = utf8 */;
CREATE TABLE `supplier` (
  `id` varchar(100) COLLATE utf8_unicode_ci NOT NULL,
  `supplier_name` varchar(255) COLLATE utf8_unicode_ci NOT NULL,
  `supplier_phone` varchar(255) COLLATE utf8_unicode_ci NOT NULL,
  `supplier_address` text COLLATE utf8_unicode_ci NOT NULL,
  `date` timestamp NULL DEFAULT NULL,
  PRIMARY KEY (`id`),
  UNIQUE KEY `id` (`id`)
) ENGINE=InnoDB DEFAULT CHARSET=utf8 COLLATE=utf8_unicode_ci;
/*!40101 SET character_set_client = @saved_cs_client */;

--
-- Dumping data for table `supplier`
--

LOCK TABLES `supplier` WRITE;
/*!40000 ALTER TABLE `supplier` DISABLE KEYS */;
INSERT INTO `supplier` VALUES ('SUP001','Fawwaz','085546070177','Jalan Gebang Lor no. 52','2020-03-29 16:47:53');
/*!40000 ALTER TABLE `supplier` ENABLE KEYS */;
UNLOCK TABLES;

--
-- Table structure for table `user`
--

DROP TABLE IF EXISTS `user`;
/*!40101 SET @saved_cs_client     = @@character_set_client */;
/*!40101 SET character_set_client = utf8 */;
CREATE TABLE `user` (
  `id` int(11) NOT NULL AUTO_INCREMENT,
  `username` varchar(255) COLLATE utf8_unicode_ci NOT NULL,
  `email` varchar(255) COLLATE utf8_unicode_ci NOT NULL,
  `photo_profile` varchar(255) COLLATE utf8_unicode_ci NOT NULL,
  `password` varchar(255) COLLATE utf8_unicode_ci NOT NULL,
  PRIMARY KEY (`id`),
  UNIQUE KEY `email` (`email`),
  UNIQUE KEY `username` (`username`)
) ENGINE=InnoDB AUTO_INCREMENT=2 DEFAULT CHARSET=utf8 COLLATE=utf8_unicode_ci;
/*!40101 SET character_set_client = @saved_cs_client */;

--
-- Dumping data for table `user`
--

LOCK TABLES `user` WRITE;
/*!40000 ALTER TABLE `user` DISABLE KEYS */;
INSERT INTO `user` VALUES (1,'fawwaz','admin@admin.com','http://localhost/uploads/chalange_accepted.png','81d7d75b247169f3827dfb01e53dffac');
/*!40000 ALTER TABLE `user` ENABLE KEYS */;
UNLOCK TABLES;
/*!40103 SET TIME_ZONE=@OLD_TIME_ZONE */;

/*!40101 SET SQL_MODE=@OLD_SQL_MODE */;
/*!40014 SET FOREIGN_KEY_CHECKS=@OLD_FOREIGN_KEY_CHECKS */;
/*!40014 SET UNIQUE_CHECKS=@OLD_UNIQUE_CHECKS */;
/*!40101 SET CHARACTER_SET_CLIENT=@OLD_CHARACTER_SET_CLIENT */;
/*!40101 SET CHARACTER_SET_RESULTS=@OLD_CHARACTER_SET_RESULTS */;
/*!40101 SET COLLATION_CONNECTION=@OLD_COLLATION_CONNECTION */;
/*!40111 SET SQL_NOTES=@OLD_SQL_NOTES */;

-- Dump completed on 2020-04-03 22:29:31
